Nama,URL,Alamat,Kode Pos,Telepon,Fax,Email
Asrama Internasional,https://www.itb.ac.id/directories/view/asrama-internasional-sr,"Jalan Sangkuriang N0. 27, Kelurahan dago, Kecamatan Coblong, Kota Bandung,",", 40132","+62 22-2534119,",",",sekretariat@asrama.itb.ac.id
Asrama Kidang Pananjung,https://www.itb.ac.id/directories/view/asrama-kidang-pananjung-su,"Jalan Cisitu Lama VIII No.12, Coblong","Bandung,","+62 22-2534119,",",",sekretariat@asrama.itb.ac.id
Asrama Jatinangor,https://www.itb.ac.id/directories/view/asrama-jatinangor-ss,"Jalan Let. Jen. Purn. Dr. (HC). Mashudi N0.1/ Jl. Raya Jatinangor Km 20,75 ,","Sumedang,",",",",",
Asrama Sangkuriang,https://www.itb.ac.id/directories/view/asrama-sangkuriang-sv,"Jl. Sangkuriang No.60/160A, Coblong","Bandung,","40135,",",",sekretariat@asrama.itb.ac.id
Asrama Kanayakan,https://www.itb.ac.id/directories/view/asrama-kanayakan-st,"Jalan Kanayakan Lama No.61,","Bandung,","+62 22-2534119,",",",sekretariat@asrama.itb.ac.id
Badan Pengelola Usaha dan Dana Lestari,https://www.itb.ac.id/directories/view/badan-pengelola-usaha-dan-dana-lestari-w,"Jalan Tamansari no 78,","Bandung, 40132","+62-22-2504475, +62-22-2516033","+62-22-2504475,",bpudl@bpudl.itb.ac.id
Biro Kemitraan,https://www.itb.ac.id/directories/view/biro-kemitraan-vw,"Jalan Tamansari no. 64,","Bandung, 40116","+62-22-4240250, +62-22-2504282","+62-22-4240250, +62-22-2504282",sekre-kemitraan@itb.ac.id sekre-kemitraan@office.itb.ac.id
Biro Administrasi Umum dan Informasi,https://www.itb.ac.id/directories/view/biro-administrasi-umum-dan-informasi-wr,"Jalan Tamansari no. 64,","Bandung, 40116","+62-22-2500935,","+62-22-2500935,",Biroaduminfo@itb.ac.id
Biro Komunikasi dan Hubungan Masyarakat,https://www.itb.ac.id/directories/view/biro-komunikasi-dan-hubungan-masyarakat-ws,"Jalan Tamansari no. 64,","Bandung, 40116","+62-22-2511243, +62-22-2511205","+62-22-2511243,",sekrebkhm@itb.ac.id
Direktorat ITB Kampus Jatinangor,https://www.itb.ac.id/directories/view/direktorat-itb-kampus-jatinangor-z,"Jalan Let.Jen.Purn. Dr. (HC). Mashudi no. 1 / Jalan Raya Bandung-Sumedang KM 20,75 , Jatinangor","Sumedang, 45363","+62-22-7798600, +62-22-7798634","+62-22-7798617,",sekretariat@jatinangor.itb.ac.id
Direktorat Pengembangan,https://www.itb.ac.id/directories/view/direktorat-pengembangan-xs,"Jalan Tamansari no. 64,","Bandung, 40132","+62-22 2530683,","+62-22 2536249,",ditbang@pusat.itb.ac.id
Direktorat Kemahasiswaan,https://www.itb.ac.id/directories/view/direktorat-kemahasiswaan-ru,"Jalan Ganesha 10,","Bandung, 40132","+62-22-2504814,","+62-22-2534275,",informasi@kemahasiswaan.itb.ac.id
Direktorat Perencanaan Sumber Daya,https://www.itb.ac.id/directories/view/direktorat-perencanaan-sumber-daya-xr,"Jalan Tamansari no 64,","Bandung, 40116","+62-22-2508518,","+62-22-2508518,",perencanaan@itb.ac.id
Direktorat Kepegawaian,https://www.itb.ac.id/directories/view/direktorat-kepegawaian-xx,"Jalan Tamansari no. 64,","Bandung, 40116","+62-22-2530662, +62-22-2530683","+62-22-2530683,",sekretariat_ditpeg@itb.ac.id
Direktorat Sarana dan Prasarana,https://www.itb.ac.id/directories/view/direktorat-sarana-dan-prasarana-xv,"Jalan Ganesha 10,","Bandung, 40132","+62-22-86010100,","+62-22-86010041,",ditsp@itb.ac.id
Direktorat Keuangan,https://www.itb.ac.id/directories/view/direktorat-keuangan-xq,"Jalan Tamansari no. 64,","Bandung, 40116","+62-22-2504048,","+62-22-2504048,",sekretariat@ditkeu.itb.ac.id
Direktorat Sistem dan Teknologi Informasi,https://www.itb.ac.id/directories/view/direktorat-sistem-dan-teknologi-informasi-wt,"Jalan Ganesha no. 10,","Bandung, 40132","+62-22-86010037, +62-22-86010035",",",dsti@itb.ac.id
Direktorat Pendidikan,https://www.itb.ac.id/directories/view/direktorat-pendidikan-rs,"Jalan Tamansari no. 64,","Bandung, 40116","+62-22-2536250, +62-22-4254016","+62-22-2536250,",sekretariat@ditdik.itb.ac.id
Fakultas Ilmu dan Teknologi Kebumian,https://www.itb.ac.id/directories/view/fakultas-ilmu-dan-teknologi-kebumian-rrx,"Jalan Ganesha 10,","Bandung, 40132","+62-22–2514990,","+62-22–2514837,",sisfo@fitb.itb.ac.id kabag@fitb.itb.ac.id
Fakultas Teknik Pertambangan dan Perminyakan,https://www.itb.ac.id/directories/view/fakultas-teknik-pertambangan-dan-perminyakan-suz,"Jalan Ganesha 10,","Bandung, 40132","+62-22-2506282,","+62-22-2514922,",info@fttm.itb.ac.id
Fakultas Matematika dan Ilmu Pengetahuan Alam,https://www.itb.ac.id/directories/view/fakultas-matematika-dan-ilmu-pengetahuan-alam-rwt,"Jalan Ganesha 10,","Bandung, 40132","+62-22-2515032,","+62-22-2502360,",admin@fmipa.itb.ac.id
Fakultas Teknik Sipil dan Lingkungan,https://www.itb.ac.id/directories/view/fakultas-teknik-sipil-dan-lingkungan-wu,"Jalan Ganesha 10,","Bandung, 40132","+62-22-2504952,","+62-22-2516586,",kantor@ftsl.itb.ac.id
Fakultas Seni Rupa dan Desain,https://www.itb.ac.id/directories/view/fakultas-seni-rupa-dan-desain-szz,"Jalan Ganesha 10,","Bandung, 40132","+62-22-2501214,","+62-22-2534162,",informasi@fsrd.itb.ac.id
Fakultas Teknologi Industri,https://www.itb.ac.id/directories/view/fakultas-teknologi-industri-sqx,"Jalan Ganesha 10,","Bandung, 40132","+62-22-2504551,","+62-22-2509406,",fti@itb.ac.id
Fakultas Teknik Mesin dan Dirgantara,https://www.itb.ac.id/directories/view/fakultas-teknik-mesin-dan-dirgantara-rvv,"Jalan Ganesha 10,","Bandung, 40132","+62-22-2504243,","+62-22-2534099,",info@ftmd.itb.ac.id
International Relation Office,https://www.itb.ac.id/directories/view/international-relation-office-vy,"Jalan Ganesha no. 17,","Bandung, 40132","+62-22-2504282,","+62-22-2504282,",iro@itb.ac.id
ITB Kampus Ganesa,https://www.itb.ac.id/directories/view/itb-kampus-ganesa-txr,"Jl. Ganesa No. 10, Coblong","Bandung, 40132","+62222500935,",",",humas@itb.ac.id
ITB Career Center,https://www.itb.ac.id/directories/view/itb-career-center-rx,"Jalan Ganesha 10,","Bandung, 40132","+62-22-2509177, +62-22-2509162","+62-22-2509177, +62-22-2509162",career@itb.ac.id
ITB Kampus Jatinangor,https://www.itb.ac.id/directories/view/itb-kampus-jatinangor-txs,"Jalan Let. Jen. Purn. Dr. (HC). Mashudi No. 1, Jatinangor","Sumedang,",",",",",humas_@jatinangor.itb.ac.id
ITB Kampus Cirebon,https://www.itb.ac.id/directories/view/itb-kampus-cirebon-txt,"Jl. Kebonturi, Arjawinangun,","Cirebon,",",",",",kampuscirebon@itb.ac.id
Kantor Rektor,https://www.itb.ac.id/directories/view/kantor-rektor-u,"Jalan Tamansari no. 64,","Bandung, 40116","+62-22-4231792,","+62-22-2508517,",rector@itb.ac.id
KK Matematika Industri dan Keuangan,https://www.itb.ac.id/directories/view/kk-matematika-industri-dan-keuangan-sqt,",",",",",",",",
Kantor Sekretaris Institut,https://www.itb.ac.id/directories/view/kantor-sekretaris-institut-wq,"Jalan Tamansari no. 64,","Bandung, 40116","+62-22-2500935,","+62-22-2500935,",si@itb.ac.id
KK Matematika Kombinatorika,https://www.itb.ac.id/directories/view/kk-matematika-kombinatorika-squ,",",",",",",",",
Kantor Wakil Rektor Bidang Akademik dan Kemahasiswaan,https://www.itb.ac.id/directories/view/kantor-wakil-rektor-bidang-akademik-dan-kemahasiswaan-rq,"Jalan Tamansari no. 64,","Bandung, 40116","+62-22-2508515,","+62-22-2508515,",sekre-wram@office.itb.ac.id
KK Material Fungsional Maju,https://www.itb.ac.id/directories/view/kk-material-fungsional-maju-tvx,",",",",",",",",
"Kantor Wakil Rektor Bidang Keuangan, Perencanaan, dan Pengembangan",https://www.itb.ac.id/directories/view/kantor-wakil-rektor-bidang-keuangan-perencanaan-dan-pengembangan-vz,"Jalan Tamansari no. 64,","Bandung, 40116","+62-22-4234413,","+62-22-2508515,",wrurk@itb.ac.id  wrurk@office.itb.ac.id
KK Oseanografi,https://www.itb.ac.id/directories/view/kk-oseanografi-rtt,",",",",",",",",
Kantor Wakil Rektor Bidang Riset dan Inovasi,https://www.itb.ac.id/directories/view/kantor-wakil-rektor-bidang-riset-dan-inovasi-sz,"Jln. Ganesha No. 10 Bandung,","Bandung, 40132","+62-22-86010082, +62-22-86010051","+62-22-2504010,",wrri@itb.ac.id
KK Pengambilan Keputusan dan Strategik Negosiasi,https://www.itb.ac.id/directories/view/kk-pengambilan-keputusan-dan-strategik-negosiasi-rux,"Jalan Tamansari no 64,","Bandung, 40132","+62-22-2531923,","+62-22-2504249,",info-sbm.itb.ac.id
Kantor Wakil Rektor Bidang Sumber Daya dan Organisasi,https://www.itb.ac.id/directories/view/kantor-wakil-rektor-bidang-sumber-daya-dan-organisasi-xu,"Jalan Tamansari no. 64,","Bandung, 40116","+62-22-2530683,","+62-22-2530683,",sekretariat_wrsd@itb.ac.id
KK Pengelolaan Pembangunan dan Pengembangan Kebijakan,https://www.itb.ac.id/directories/view/kk-pengelolaan-pembangunan-dan-pengembangan-kebijakan-suq,",",",",",",",",
KK Agroteknologi dan Teknologi Bioproduk,https://www.itb.ac.id/directories/view/kk-agroteknologi-dan-teknologi-bioproduk-rqy,"Jalan Ganesha 10,","Bandung, 40132","+62-22-2500258, +62-22-2511575","+62-22-2534107,",manurung@sith.itb.ac.id
KK Pengelolaan Udara dan Limbah,https://www.itb.ac.id/directories/view/kk-pengelolaan-udara-dan-limbah-yz,"Jalan Ganesha 10,","Bandung, 40132","+62-22-2502647,",",",kantor@ftsl.itb.ac.id
KK Aljabar,https://www.itb.ac.id/directories/view/kk-aljabar-rzr,",",",",",",",",
KK Penginderaan Jauh dan Sains Informasi Geografis,https://www.itb.ac.id/directories/view/kk-penginderaan-jauh-dan-sains-informasi-geografis-rts,",",",",",",",",
KK Analisis & Geometri,https://www.itb.ac.id/directories/view/kk-analisis-geometri-rzs,",",",",",",",",
KK Perancangan Arsitektur,https://www.itb.ac.id/directories/view/kk-perancangan-arsitektur-sur,",",",",",",",",
KK Astronomi,https://www.itb.ac.id/directories/view/kk-astronomi-rzt,",",",",",",",",
KK Perancangan dan Pengembangan Produk Teknik Kimia,https://www.itb.ac.id/directories/view/kk-perancangan-dan-pengembangan-produk-teknik-kimia-ssr,"Jalan Ganesha 10,","Bandung, 40132","+62-22-2504551,","+62-22-2509406,",cheitb@che.itb.ac.id
KK Biokimia,https://www.itb.ac.id/directories/view/kk-biokimia-rzu,",",",",",",",",
KK Perancangan dan Pengembangan Proses Teknik Kimia,https://www.itb.ac.id/directories/view/kk-perancangan-dan-pengembangan-proses-teknik-kimia-sss,"Jalan Ganesha 10,","Bandung, 40132","+62-22-2500989,","+62-22-2501438,",cheitb@che.itb.ac.id
KK Biologi Farmasi,https://www.itb.ac.id/directories/view/kk-biologi-farmasi-szu,",",",",",",",",
KK Perancangan Mesin,https://www.itb.ac.id/directories/view/kk-perancangan-mesin-rwq,"Jalan Ganesha 10,","Bandung, 40132","+62-22-2504243,","+62-22-2534099,",info@ftmd.itb.ac.id
KK Bioteknologi Mikroba,https://www.itb.ac.id/directories/view/kk-bioteknologi-mikroba-rqz,"Jalan Ganesha 10,","Bandung, 40132","+62-22-2500258, +62-22-2511575","+62-22-2534107,",pingkan@sith.itb.ac.id
KK Perencanaan dan Perancangan Kota,https://www.itb.ac.id/directories/view/kk-perencanaan-dan-perancangan-kota-sus,",",",",",",",",
"KK Desain, Operasi dan Perawatan Pesawat Terbang",https://www.itb.ac.id/directories/view/kk-desain-operasi-dan-perawatan-pesawat-terbang-rxx,"Jalan Ganesha 10,","Bandung, 40132","+62-22-2504243,","+62-22-2534099,",info@ftmd.itb.ac.id
KK Perencanaan Wilayah dan Perdesaan,https://www.itb.ac.id/directories/view/kk-perencanaan-wilayah-dan-perdesaan-sut,",",",",",",",",
KK Ekologi,https://www.itb.ac.id/directories/view/kk-ekologi-rrq,"Jalan Ganesha 10,","Bandung, 40132","+62-22-2500258, +62-22-2511575","+62-22-2534107,",iskandar@sith.itb.ac.id
KK Perumahan dan Pemukiman,https://www.itb.ac.id/directories/view/kk-perumahan-dan-pemukiman-suu,",",",",",",",",
KK Eksplorasi Sumberdaya Bumi,https://www.itb.ac.id/directories/view/kk-eksplorasi-sumberdaya-bumi-sxr,"Jalan Ganesha 10,","Bandung, 40132","+62-22-2506282,","+62-22-2514922,",info@fttm.itb.ac.id
KK Rekayasa Air dan Limbah Cair,https://www.itb.ac.id/directories/view/kk-rekayasa-air-dan-limbah-cair-zq,"Jalan Ganesha 10,","Bandung, 40132","+62-22-2502647,",",",kantor@ftsl.itb.ac.id
KK Elektronika,https://www.itb.ac.id/directories/view/kk-elektronika-swy,"Jalan Ganesha 10,","Bandung, 40132","+62-22-2506291,","+62-22-2506291,",info@stei.itb.ac.id
KK Rekayasa Geoteknik,https://www.itb.ac.id/directories/view/kk-rekayasa-geoteknik-zr,"Jalan Ganesha 10,","Bandung, 40132","+62-22-86010640,",",",kantor@ftsl.itb.ac.id
KK Energi dan Sistem Pemroses Teknik Kimia,https://www.itb.ac.id/directories/view/kk-energi-dan-sistem-pemroses-teknik-kimia-sry,"Jalan Ganesha 10,","Bandung, 40132","+62-22-2500989,","+62-22-2501438,",cheitb@che.itb.ac.id
KK Rekayasa Perangkat Lunak dan Pengetahuan,https://www.itb.ac.id/directories/view/kk-rekayasa-perangkat-lunak-dan-pengetahuan-syq,"Jalan Ganesha 10,","Bandung, 40132","+62-22-2508135,","+62-22-2500940,",info@stei.itb.ac.id
"KK Ergonomi, Rekayasa Kerja, dan Keselamatan Kerja",https://www.itb.ac.id/directories/view/kk-ergonomi-rekayasa-kerja-dan-keselamatan-kerja-tsz,"Jalan Ganesha 10,","Bandung, 40132",",",",",kkerk3@fti.itb.ac.id
KK Rekayasa Struktur,https://www.itb.ac.id/directories/view/kk-rekayasa-struktur-zs,"Jalan Ganesha 10,","Bandung, 40132","+62-22-86010602,",",",kantor@ftsl.itb.ac.id
KK Estetika dan Ilmu-ilmu Seni,https://www.itb.ac.id/directories/view/kk-estetika-dan-ilmu-ilmu-seni-tqy,",",",",",",",",
KK Rekayasa Transportasi,https://www.itb.ac.id/directories/view/kk-rekayasa-transportasi-zt,"Jalan Ganesha 10,","Bandung, 40132","+62-22-86010675,",",",kantor@ftsl.itb.ac.id
KK Farmakokimia,https://www.itb.ac.id/directories/view/kk-farmakokimia-szv,",",",",",",",",
KK Risiko Bisnis dan Keuangan,https://www.itb.ac.id/directories/view/kk-risiko-bisnis-dan-keuangan-tur,"Jalan Tamansari no 64,","Bandung, 40132","+62-22-2531923,","+62-22-2504249,",info-sbm.itb.ac.id
KK Farmakologi-Farmasi Klinik,https://www.itb.ac.id/directories/view/kk-farmakologi-farmasi-klinik-szx,",",",",",",",",
KK Sains Atmosfer,https://www.itb.ac.id/directories/view/kk-sains-atmosfer-rtu,",",",",",",",",
KK Farmasetika,https://www.itb.ac.id/directories/view/kk-farmasetika-szw,",",",",",",",",
KK Sains dan Bioteknologi Tumbuhan,https://www.itb.ac.id/directories/view/kk-sains-dan-bioteknologi-tumbuhan-rru,"Jalan Ganesha 10,","Bandung, 40132","+62-22-2500258, +62-22-2511575","+62-22-2534107,",srinanan@sith.itb.ac.id
KK Fisika Bangunan,https://www.itb.ac.id/directories/view/kk-fisika-bangunan-tvv,",",",",",",",",
KK Sains dan Sistem Kerekayasaan Wilayah Pesisir,https://www.itb.ac.id/directories/view/kk-sains-dan-sistem-kerekayasaan-wilayah-pesisir-rtv,",",",",",",",",
KK Fisika Bumi dan Sistem Kompleks,https://www.itb.ac.id/directories/view/kk-fisika-bumi-dan-sistem-kompleks-rzv,",",",",",",",",
KK Seismologi Eksplorasi dan Rekayasa,https://www.itb.ac.id/directories/view/kk-seismologi-eksplorasi-dan-rekayasa-sxu,"Jalan Ganesha 10,","Bandung, 40132","+62-22-2506282,","+62-22-2514922,",info@fttm.itb.ac.id
KK Fisika Magnetik dan Fotonik,https://www.itb.ac.id/directories/view/kk-fisika-magnetik-dan-fotonik-rzx,",",",",",",",",
"KK Sejarah, Teori dan Kritik Arsitektur",https://www.itb.ac.id/directories/view/kk-sejarah-teori-dan-kritik-arsitektur-suv,",",",",",",",",
KK Fisika Material Elektronik,https://www.itb.ac.id/directories/view/kk-fisika-material-elektronik-rzw,",",",",",",",",
KK Seni Rupa,https://www.itb.ac.id/directories/view/kk-seni-rupa-trv,",",",",",",",",
KK Fisika Nuklir dan Biofisika,https://www.itb.ac.id/directories/view/kk-fisika-nuklir-dan-biofisika-rzy,",",",",",",",",
KK Sistem dan Pemodelan Ekonomika,https://www.itb.ac.id/directories/view/kk-sistem-dan-pemodelan-ekonomika-sux,",",",",",",",",
KK Fisika Teoritik Energi Tinggi dan Instrumentasi,https://www.itb.ac.id/directories/view/kk-fisika-teoritik-energi-tinggi-dan-instrumentasi-rzz,"Jalan Ganesha 10,","Bandung, 40132",",",",",
KK Sistem Industri dan Tekno-ekonomi,https://www.itb.ac.id/directories/view/kk-sistem-industri-dan-tekno-ekonomi-sst,"Jalan Ganesha 10,","Bandung, 40132","+62-22-2504189, +62-22-2509164",",",industri@ti.itb.ac.id
KK Fisika Terbang,https://www.itb.ac.id/directories/view/kk-fisika-terbang-rxw,"Jalan Ganesha 10,","Bandung, 40132","+62-22-2504243,","+62-22-2534099,",info@ftmd.itb.ac.id
KK Sistem Informasi dan Keputusan,https://www.itb.ac.id/directories/view/kk-sistem-informasi-dan-keputusan-tvw,",",",",",",",",
"KK Fisiologi, Perkembangan Hewan dan Sains Biomedika",https://www.itb.ac.id/directories/view/kk-fisiologi-perkembangan-hewan-dan-sains-biomedika-rrr,"Jalan Ganesha 10,","Bandung, 40132","+62-22-2500258, +62-22-2511575","+62-22-2534107,",aang@sith.itb.ac.id
KK Sistem Infrastruktur Wilayah dan Kota,https://www.itb.ac.id/directories/view/kk-sistem-infrastruktur-wilayah-dan-kota-suw,",",",",",",",",
KK Genetika dan Bioteknologi Molekular,https://www.itb.ac.id/directories/view/kk-genetika-dan-bioteknologi-molekular-rrs,"Jalan Ganesha 10,","Bandung, 40132","+62-22-2500258, +62-22-2511575","+62-22-2534107,",sony@sith.itb.ac.id
KK Sistem Kendali dan Komputer,https://www.itb.ac.id/directories/view/kk-sistem-kendali-dan-komputer-syr,"Jalan Ganesha 10,","Bandung, 40132","+62-22-2500960,","+62-22-2534217,",info@stei.itb.ac.id
KK Geodesi,https://www.itb.ac.id/directories/view/kk-geodesi-rsz,",",",",",",",",
KK Sistem Manufaktur,https://www.itb.ac.id/directories/view/kk-sistem-manufaktur-ssu,"Jalan Ganesha 10,","Bandung, 40132","+62-22-2504189, +62-22-2509164",",",industri@ti.itb.ac.id
KK Geofisika Global,https://www.itb.ac.id/directories/view/kk-geofisika-global-sxs,"Jalan Ganesha 10,","Bandung, 40132","+62-22-2506282,","+62-22-2514922,",info@fttm.itb.ac.id
KK Statistika,https://www.itb.ac.id/directories/view/kk-statistika-sqv,",",",",",",",",
KK Geofisika Terapan dan Eksplorasi,https://www.itb.ac.id/directories/view/kk-geofisika-terapan-dan-eksplorasi-sxt,"Jalan Ganesha 10,","Bandung, 40132","+62-22-2506282,","+62-22-2514922,",info@fttm.itb.ac.id
KK Strategi Bisnis dan Pemasaran,https://www.itb.ac.id/directories/view/kk-strategi-bisnis-dan-pemasaran-tus,"Jalan Tamansari no 64,","Bandung, 40132","+62-22-2531923,","+62-22-2504249,",info-sbm.itb.ac.id
KK Geologi,https://www.itb.ac.id/directories/view/kk-geologi-rtq,",",",",",",",",
KK Struktur Ringan,https://www.itb.ac.id/directories/view/kk-struktur-ringan-rwr,"Jalan Ganesha 10,","Bandung, 40132","+62-22-2504243,","+62-22-2534099,",info@ftmd.itb.ac.id
KK Geologi Terapan,https://www.itb.ac.id/directories/view/kk-geologi-terapan-rtr,",",",",",",",",
KK Surveying dan Kadaster,https://www.itb.ac.id/directories/view/kk-surveying-dan-kadaster-rtx,",",",",",",",",
KK Ilmu dan Teknik Material,https://www.itb.ac.id/directories/view/kk-ilmu-dan-teknik-material-rxy,"Jalan Ganesha 10,","Bandung, 40132","+62-22-2504243,","+62-22-2534099,",info@ftmd.itb.ac.id
KK Teknik Biomedika,https://www.itb.ac.id/directories/view/kk-teknik-biomedika-sys,"Jalan Ganesha 10,","Bandung, 40132","+62-22-2534117,","+62-22-2534117,",biomed@stei.itb.ac.id
KK Ilmu Keolahragaan,https://www.itb.ac.id/directories/view/kk-ilmu-keolahragaan-szy,",",",",",",",",
KK Teknik Fisika,https://www.itb.ac.id/directories/view/kk-teknik-fisika-ssv,"Jalan Ganesha 10,","Bandung, 40132",",",",",kaprodis1@tf.itb.ac.id
KK Ilmu-Ilmu Desain dan Budaya Visual,https://www.itb.ac.id/directories/view/kk-ilmu-ilmu-desain-dan-budaya-visual-tqz,",",",",",",",",
KK Teknik Ketenagalistrikan,https://www.itb.ac.id/directories/view/kk-teknik-ketenagalistrikan-syu,"Jalan Ganesha 10,","Bandung, 40132","+62-22-2506291,","+62-22-2506291,",info@stei.itb.ac.id
KK Ilmu-Ilmu Kemanusiaan,https://www.itb.ac.id/directories/view/kk-ilmu-ilmu-kemanusiaan-trq,",",",",",",",",
KK Teknik Komputer,https://www.itb.ac.id/directories/view/kk-teknik-komputer-syv,"Jalan Ganesha 10,","Bandung, 40132","+62-22-2500960,","+62-22-2534217,",info@stei.itb.ac.id
KK Informatika,https://www.itb.ac.id/directories/view/kk-informatika-swz,"Jalan Ganesha 10,","Bandung, 40132","+62-22-2508135,","+62-22-2500940,",info@stei.itb.ac.id
KK Teknik Lepas Pantai,https://www.itb.ac.id/directories/view/kk-teknik-lepas-pantai-zu,"Jalan Ganesha 10,","Bandung, 40132","+62-22-2509117, +62-22-2511925","+62-22-2509117, +62-22-2511925",kantor@ftsl.itb.ac.id
KK Instrumentasi dan Kontrol,https://www.itb.ac.id/directories/view/kk-instrumentasi-dan-kontrol-srz,"Jalan Ganesha 10,","Bandung, 40132",",",",",kaprodis2ik@tf.itb.ac.id
KK Teknik Metalurgi,https://www.itb.ac.id/directories/view/kk-teknik-metalurgi-sxv,"Jalan Ganesha 10,","Bandung, 40132","+62-22-2506282,","+62-22-2514922,",info@fttm.itb.ac.id
KK Kewirausahaan dan Manajemen Teknologi,https://www.itb.ac.id/directories/view/kk-kewirausahaan-dan-manajemen-teknologi-ruz,"Jalan Tamansari no 64,","Bandung, 40132","+62-22-2531923,","+62-22-2504249,",info-sbm.itb.ac.id
KK Teknik Pantai,https://www.itb.ac.id/directories/view/kk-teknik-pantai-zv,"Jalan Ganesha 10,","Bandung, 40132","+62-22-2509117, +62-22-2511925","+62-22-2509117, +62-22-2511925",kantor@ftsl.itb.ac.id
KK Kimia Analitik,https://www.itb.ac.id/directories/view/kk-kimia-analitik-sqq,",",",",",",",",
"KK Teknik Pemboran, Produksi dan Manajemen Minyak dan Gas",https://www.itb.ac.id/directories/view/kk-teknik-pemboran-produksi-dan-manajemen-minyak-dan-gas-sxx,"Jalan Ganesha 10,","Bandung, 40132","+62-22-2506282,","+62-22-2514922,",info@fttm.itb.ac.id
KK Kimia Fisik dan Anorganik,https://www.itb.ac.id/directories/view/kk-kimia-fisik-dan-anorganik-sqr,",",",",",",",",
KK Teknik Pertambangan,https://www.itb.ac.id/directories/view/kk-teknik-pertambangan-sxw,"Jalan Ganesha 10,","Bandung, 40132","+62-22-2506282,","+62-22-2514922,",info@fttm.itb.ac.id
KK Kimia Organik,https://www.itb.ac.id/directories/view/kk-kimia-organik-sqs,",",",",",",",",
KK Teknik Produksi Mesin,https://www.itb.ac.id/directories/view/kk-teknik-produksi-mesin-rws,"Jalan Ganesha 10,","Bandung, 40132","+62-22-2504243,","+62-22-2534099,",info@ftmd.itb.ac.id
KK Komunikasi Visual dan Multi Media,https://www.itb.ac.id/directories/view/kk-komunikasi-visual-dan-multi-media-trr,",",",",",",",",
KK Teknik Reservoir,https://www.itb.ac.id/directories/view/kk-teknik-reservoir-sxy,"Jalan Ganesha 10,","Bandung, 40132","+62-22-2506282,","+62-22-2514922,",info@fttm.itb.ac.id
KK Konversi Energi,https://www.itb.ac.id/directories/view/kk-konversi-energi-rxz,"Jalan Ganesha 10,","Bandung, 40132","+62-22-2504243,","+62-22-2534099,",info@ftmd.itb.ac.id
KK Teknik Sumber Daya Air,https://www.itb.ac.id/directories/view/kk-teknik-sumber-daya-air-zx,"Jalan Ganesha 10,","Bandung, 40132","+62-22-86010662,",",",kantor@ftsl.itb.ac.id
KK Kria dan Tradisi,https://www.itb.ac.id/directories/view/kk-kria-dan-tradisi-trs,",",",",",",",",
KK Teknik Telekomunikasi,https://www.itb.ac.id/directories/view/kk-teknik-telekomunikasi-syx,"Jalan Ganesha 10,","Bandung, 40132","+62-22-2501661,","+62-22-2501661,",info@stei.itb.ac.id
KK Manajemen dan Rekayasa Konstruksi,https://www.itb.ac.id/directories/view/kk-manajemen-dan-rekayasa-konstruksi-yy,"Jalan Ganesha 10,","Bandung, 40132","+62-22-86010326,",",",kantor@ftsl.itb.ac.id
KK Teknologi Bangunan,https://www.itb.ac.id/directories/view/kk-teknologi-bangunan-suy,",",",",",",",",
KK Manajemen Industri,https://www.itb.ac.id/directories/view/kk-manajemen-industri-ssq,"Jalan Ganesha 10,","Bandung, 40132","+62-22-2508141,",",",
KK Teknologi Informasi,https://www.itb.ac.id/directories/view/kk-teknologi-informasi-syw,"Jalan Ganesha 10,","Bandung, 40132","+62-22-2500985,","+62-22-2500985,",info@stei.itb.ac.id
KK Manajemen Manusia dan Pengetahuan,https://www.itb.ac.id/directories/view/kk-manajemen-manusia-dan-pengetahuan-rvs,"Jalan Tamansari no 64,","Bandung, 40132","+62-22-2531923,","+62-22-2504249,",info-sbm.itb.ac.id
KK Teknologi Kehutanan,https://www.itb.ac.id/directories/view/kk-teknologi-kehutanan-rrv,"Jalan Ganesha 10,","Bandung, 40132","+62-22-2500258, +62-22-2511575","+62-22-2534107,",endah@sith.itb.ac.id
KK Manajemen Operasi dan Kinerja,https://www.itb.ac.id/directories/view/kk-manajemen-operasi-dan-kinerja-tuq,"Jalan Tamansari no 64,","Bandung, 40132","+62-22-2531923,","+62-22-2504249,",info-sbm.itb.ac.id
KK Teknologi Pengelolaan Lingkungan,https://www.itb.ac.id/directories/view/kk-teknologi-pengelolaan-lingkungan-zw,"Jalan Ganesha 10,","Bandung, 40132","+62-22-2502647,",",",kantor@ftsl.itb.ac.id
KK Manajemen Sumber Daya Hayati,https://www.itb.ac.id/directories/view/kk-manajemen-sumber-daya-hayati-rrt,"Jalan Ganesha 10,","Bandung, 40132","+62-22-2500258, +62-22-2511575","+62-22-2534107,",wawangun@sith.itb.ac.id
KK Teknologi Pengolahan Biomassa dan Pangan,https://www.itb.ac.id/directories/view/kk-teknologi-pengolahan-biomassa-dan-pangan-tvu,",",",",",",",",
KK Manusia dan Desain Produk Industri,https://www.itb.ac.id/directories/view/kk-manusia-dan-desain-produk-industri-trt,",",",",",",",",
KK Teknologi Reaksi Kimia dan Katalis,https://www.itb.ac.id/directories/view/kk-teknologi-reaksi-kimia-dan-katalis-tvt,",",",",",",",",
KK Manusia dan Ruang Interior,https://www.itb.ac.id/directories/view/kk-manusia-dan-ruang-interior-tru,",",",",",",",",
Komisi Penegakan Norma Akademik dan Kemahasiswaan,https://www.itb.ac.id/directories/view/komisi-penegakan-norma-akademik-dan-kemahasiswaan-sx,"Jalan Tamansari no 64,","Bandung, 40116","+62-22-2504814,","+62-22-2504814,",
Layanan Beasiswa Sarjana,https://www.itb.ac.id/directories/view/layanan-beasiswa-sarjana-rv,",",",","+62-22-2534275,",",",beasiswaitb@kemahasiswaan.itb.ac.id
Lembaga Penelitian dan Pengabdian kepada Masyarakat,https://www.itb.ac.id/directories/view/lembaga-penelitian-dan-pengabdian-kepada-masyarakat-tq,"Jalan Ganesha no. 10,","Bandung, 40132","+62-22-86010050,","+62-22-86010050,",lppm@lppm.itb.ac.id
Lembaga Bimbingan Konseling,https://www.itb.ac.id/directories/view/lembaga-bimbingan-konseling-sw,"Jalan Ganesha 10,","Bandung, 40132","+62-22-2504814,","+62-22-2504814,",
Lembaga Pengembangan Inovasi dan Kewirausahaan,https://www.itb.ac.id/directories/view/lembaga-pengembangan-inovasi-dan-kewirausahaan-vx,"Jalan Ganesha no. 15,","Bandung, 40132","+62-22-2533639,","+62-22-2534163,",lpik@lpik.itb.ac.id
Lembaga Layanan Hukum,https://www.itb.ac.id/directories/view/lembaga-layanan-hukum-tty,"Jalan Tamansari no. 64,","Bandung, 40116","+62-22-2500939,","+62-22-2500939,",hukum@itb.ac.id
Lembaga Tahapan Persiapan Bersama,https://www.itb.ac.id/directories/view/lembaga-tahapan-persiapan-bersama-rt,"Jalan Ganesha 10,","Bandung, 40132","+62-22-2510444,","+62-22-2510444,",
Majelis Wali Amanat,https://www.itb.ac.id/directories/view/majelis-wali-amanat-r,"Jalan Dipati Ukur no 4,","Bandung, 40132","+62-22-2510500,","+62-22-2512532,",sekremwa@itb.ac.id
Program Studi Doktor Aeronotika dan Astronotika,https://www.itb.ac.id/directories/view/program-studi-doktor-aeronotika-dan-astronotika-rxu,"Jalan Ganesha 10,","Bandung, 40132","+62-22-2504529,","+62-22-2534146,",info@ftmd.itb.ac.id
Program Studi Sarjana Desain Interior,https://www.itb.ac.id/directories/view/program-studi-sarjana-desain-interior-tqt,"Jalan Ganesha 10,","Bandung, 40132","+62-22-2534126, +62-22-2501214","+62-22-2534126,",prasetyo@fsrd.itb.ac.id
Program Studi Doktor Arsitektur,https://www.itb.ac.id/directories/view/program-studi-doktor-arsitektur-sty,"Jalan Ganesha 10,","Bandung, 40132","+62-22-2509171,","+62-22-2501263,",s3-arsitektur@sappk.itb.ac.id
Program Studi Sarjana Desain Komunikasi Visual,https://www.itb.ac.id/directories/view/program-studi-sarjana-desain-komunikasi-visual-tqs,"Jalan Ganesha 10,","Bandung, 40132","+62-22-2516567,","+62-22-2516567,",
Program Studi Doktor Astronomi,https://www.itb.ac.id/directories/view/program-studi-doktor-astronomi-rwx,"Jalan Ganesha 10,","Bandung, 40132","+62-22-2511576,","+62-22-2509170,",administration@as.itb.ac.id
Program Studi Sarjana Desain Produk,https://www.itb.ac.id/directories/view/program-studi-sarjana-desain-produk-tqu,"Jalan Ganesha 10,","Bandung, 40132","+62-22-2514832,","+62-22-2516250,",
Program Studi Doktor Biologi,https://www.itb.ac.id/directories/view/program-studi-doktor-biologi-rqw,"Jalan Ganesha 10,","Bandung, 40132","+62-22-2500258, +62-22-2511575","+62-22-2534107,",sith@itb.ac.id
Program Studi Sarjana Farmasi Klinik dan Komunitas,https://www.itb.ac.id/directories/view/program-studi-sarjana-farmasi-klinik-dan-komunitas-tuu,"Jalan Ganesha 10,","Bandung, 40132","+62-22-2504258,","+62-22-2504258,",farmasi@fa.itb.ac.id
Program Studi Doktor Farmasi,https://www.itb.ac.id/directories/view/program-studi-doktor-farmasi-szs,"Jalan Ganesha 10,","Bandung, 40132","+62-22-2504258,","+62-22-2504258,",farmasi@fa.itb.ac.id
Program Studi Sarjana Fisika,https://www.itb.ac.id/directories/view/program-studi-sarjana-fisika-rww,"Jalan Ganesha 10,","Bandung, 40132","+62-22-2500834,","+62-22-2506452,",fisika@fi.itb.ac.id
Program Studi Doktor Fisika,https://www.itb.ac.id/directories/view/program-studi-doktor-fisika-rwz,"Jalan Ganesha 10,","Bandung, 40132","+62-22-2500834,","+62-22-2506452,",fisika@fi.itb.ac.id
Program Studi Sarjana Informatika,https://www.itb.ac.id/directories/view/program-studi-sarjana-informatika-swr,"Jalan Ganesha 10,","Bandung, 40132","+62-22-2508135,","+62-22-2500940,",info@stei.itb.ac.id
Program Studi Doktor Ilmu dan Teknik Material,https://www.itb.ac.id/directories/view/program-studi-doktor-ilmu-dan-teknik-material-rxr,"Jalan Ganesha 10,","Bandung, 40132","+62-22-2508144,","+62-22-2508144,",info@ftmd.itb.ac.id
Program Studi Sarjana Kewirausahaan,https://www.itb.ac.id/directories/view/program-studi-sarjana-kewirausahaan-ruv,"Jalan Ganesha 10,","Bandung, 40132","+62-22-7798600,","+62-22-7798617,",info@sbm-itb.ac.id
Program Studi Doktor Ilmu Seni Rupa dan Desain,https://www.itb.ac.id/directories/view/program-studi-doktor-ilmu-seni-rupa-dan-desain-tqw,"Jalan Ganesha 10,","Bandung, 40132","+62-22-2534104,","+62-22-2534242,",
Program Studi Sarjana Kimia,https://www.itb.ac.id/directories/view/program-studi-sarjana-kimia-ryr,"Jalan Ganesha 10,","Bandung, 40132","+62-22-2502103,","+62-22-2504154,",undergraduate@chem.itb.ac.id
Program Studi Doktor Kimia,https://www.itb.ac.id/directories/view/program-studi-doktor-kimia-ryt,"Jalan Ganesha 10,","Bandung, 40132","+62-22-2502103,","+62-22-2504154,",postgraduate@chem.itb.ac.id
Program Studi Sarjana Klinik dan Komunitas,https://www.itb.ac.id/directories/view/program-studi-sarjana-klinik-dan-komunitas-szq,"Jalan Ganesha 10,","Bandung, 40132","+62-22-2504258,","+62-22-2504258,",
Program Studi Doktor Matematika,https://www.itb.ac.id/directories/view/program-studi-doktor-matematika-ryw,"Jalan Ganesha 10,","Bandung, 40132","+62-22-2502545, +62-22-2534175","+62-22-2506450,",prodi-ma@math.itb.ac.id
Program Studi Sarjana Kriya,https://www.itb.ac.id/directories/view/program-studi-sarjana-kriya-tqr,"Jalan Ganesha 10,","Bandung, 40132",",",",",
Program Studi Doktor Perencanaan Wilayah dan Kota,https://www.itb.ac.id/directories/view/program-studi-doktor-perencanaan-wilayah-dan-kota-stw,"Jalan Ganesha 10,","Bandung, 40132","+62-22-2509171,","+62-22-2501263,",s3-pwk@sappk.itb.ac.id
Program Studi Sarjana Manajemen,https://www.itb.ac.id/directories/view/program-studi-sarjana-manajemen-rur,"Jalan Ganesha 10,","Bandung, 40132","+62-22-2531923,","+62-22-2504249,",info@sbm-itb.ac.id
Program Studi Doktor Rekayasa Nuklir,https://www.itb.ac.id/directories/view/program-studi-doktor-rekayasa-nuklir-rxv,"Jalan Ganesha 10,","Bandung, 40132","+62-22-2504529,","+62-22-2534146,",info@ftmd.itb.ac.id
Program Studi Sarjana Manajemen Rekayasa Industri,https://www.itb.ac.id/directories/view/program-studi-sarjana-manajemen-rekayasa-industri-srq,"Jalan Ganesha 10,","Bandung, 40132","+62-22-2504189,","+62-22-2509164,",ti@ti.itb.ac.id
Program Studi Doktor Rekayasa Pertambangan,https://www.itb.ac.id/directories/view/program-studi-doktor-rekayasa-pertambangan-svs,"Jalan Ganesha 10,","Bandung, 40132","+62-22-2502239, +62-22-2508131","+62-22-2504209,",dep-ta@mining.itb.ac.id
Program Studi Sarjana Matematika,https://www.itb.ac.id/directories/view/program-studi-sarjana-matematika-ryv,"Jalan Ganesha 10,","Bandung, 40132","+62-22-2502545, +62-22-2534175","+62-22-2506450,",prodi-ma@math.itb.ac.id
Program Studi Doktor Sains Kebumian,https://www.itb.ac.id/directories/view/program-studi-doktor-sains-kebumian-rst,"Jalan Ganesha 10,","Bandung, 40132","+62-22-2500494,","+62-22-2534139,",prodime@meteo.itb.ac.id
Program Studi Sarjana Meteorologi,https://www.itb.ac.id/directories/view/program-studi-sarjana-meteorologi-rsr,"Jalan Ganesha 10,","Bandung, 40132","+62-22-2500494,","+62-22-2534139,",prodime@meteo.itb.ac.id
Program Studi Doktor Sains Manajemen,https://www.itb.ac.id/directories/view/program-studi-doktor-sains-manajemen-ruu,"Jalan Ganesha 10,","Bandung, 40132","+62-22-2531923,","+62-22-2504249,",info@sbm-itb.ac.id
Program Studi Sarjana Mikrobiologi,https://www.itb.ac.id/directories/view/program-studi-sarjana-mikrobiologi-rqq,"Jalan Ganesha 10,","Bandung, 40132","+62-22-2500258, +62-22-2511575","+62-22-2534107,",sith@sith.itb.ac.id
Program Studi Doktor Teknik dan Manajemen Industri,https://www.itb.ac.id/directories/view/program-studi-doktor-teknik-dan-manajemen-industri-srw,"Jalan Ganesha 10,","Bandung, 40132","+62-22-2504189,","+62-22-2509164,",tmi@ti.itb.ac.id
Program Studi Sarjana Oseanografi,https://www.itb.ac.id/directories/view/program-studi-sarjana-oseanografi-rsq,"Jalan Ganesha 10,","Bandung, 40132","+62-22-2500494,","+62-22-2534139,",prodi_oseanografi@yahoo.com
Program Studi Doktor Teknik Elektro & Informatika,https://www.itb.ac.id/directories/view/program-studi-doktor-teknik-elektro-informatika-sww,"Jalan Ganesha 10,","Bandung, 40132",",",",",info@stei.itb.ac.id
Program Studi Sarjana Perencanaan Wilayah dan Kota,https://www.itb.ac.id/directories/view/program-studi-sarjana-perencanaan-wilayah-dan-kota-ssw,"Jalan Ganesha 10,","Bandung, 40132","+62-22-2509171,","+62-22-2501263,",s1pwkitb@pl.itb.ac.id
Program Studi Doktor Teknik Fisika,https://www.itb.ac.id/directories/view/program-studi-doktor-teknik-fisika-sru,"Jalan Ganesha 10,","Bandung, 40132","+62-22-2504424,","+62-22-2506281,",kaprodis2s3tf@tf.itb.ac.id
Program Studi Sarjana Rekayasa Hayati,https://www.itb.ac.id/directories/view/program-studi-sarjana-rekayasa-hayati-rqr,"Jalan Let. Jen. Purn. Dr. (HC). Mashudi No 1 , Jatinangor","Sumedang, 45363","+62-22-7798600 ,","+62-22-2534107, +62-22-7798617",yusuf@sith.itb.ac.id
Program Studi Doktor Teknik Geodesi dan Geomatika,https://www.itb.ac.id/directories/view/program-studi-doktor-teknik-geodesi-dan-geomatika-rsx,"Jalan Ganesha 10,","Bandung, 40132","+62-22-2530701,","+62-22-2530702,",graduate@gd.itb.ac.id
Program Studi Sarjana Rekayasa Infrastruktur Lingkungan,https://www.itb.ac.id/directories/view/program-studi-sarjana-rekayasa-infrastruktur-lingkungan-wz,"Jalan Let. Jen. Purn. Dr. (HC). Mashudi No 1, Jatinangor","Sumedang, 45363","+62-22-87836716, +62-22-87837313",",",ril@ftsl.itb.ac.id
Program Studi Doktor Teknik Geofisika,https://www.itb.ac.id/directories/view/program-studi-doktor-teknik-geofisika-svz,"Jalan Ganesha 10,","Bandung, 40132","+62-22-2509168, +62-22-2534137","+62-22-2509168,",tutg@gf.itb.ac.id
Program Studi Sarjana Rekayasa Kehutanan,https://www.itb.ac.id/directories/view/program-studi-sarjana-rekayasa-kehutanan-rqt,"Jalan Let. Jen. Purn. Dr. (HC). Mashudi No 1 , Jatinangor","Sumedang, 45363","+62-22-7798600 , +62-22-2500258","+62-22-2534107, +62-22-7798617",elham@sith.itb.ac.id
Program Studi Doktor Teknik Geologi,https://www.itb.ac.id/directories/view/program-studi-doktor-teknik-geologi-rrz,"Jalan Ganesha 10,","Bandung, 40132","+62-22-2502197,","+62-22-2534139,",prodis2@gc.itb.ac.id
Program Studi Sarjana Rekayasa Pertanian,https://www.itb.ac.id/directories/view/program-studi-sarjana-rekayasa-pertanian-rqs,"Jalan Let. Jen. Purn. Dr. (HC). Mashudi No 1 , Jatinangor","Sumedang, 45363","+62-22-7798600 , +62-22-2500258","+62-22-2534107, +62-22-7798617",mia@sith.itb.ac.id
Program Studi Doktor Teknik Kimia,https://www.itb.ac.id/directories/view/program-studi-doktor-teknik-kimia-srs,"Jalan Ganesha 10,","Bandung, 40132","+62-22-2500989,","+62-22-2501438,",cheitb@che.itb.ac.id
Program Studi Sarjana Sains dan Teknologi Farmasi,https://www.itb.ac.id/directories/view/program-studi-sarjana-sains-dan-teknologi-farmasi-syz,"Jalan Ganesha 10,","Bandung, 40132","+62-22-2504258,","+62-22-2504258,",farmasi@fa.itb.ac.id
Program Studi Doktor Teknik Lingkungan,https://www.itb.ac.id/directories/view/program-studi-doktor-teknik-lingkungan-yt,"Jalan Ganesha 10,","Bandung, 40132","+62-22-2502647,","+62-22-2530704,",tu@tl.itb.ac.id
Program Studi Sarjana Seni Rupa,https://www.itb.ac.id/directories/view/program-studi-sarjana-seni-rupa-tqq,"Jalan Ganesha 10,","Bandung, 40132","+62-22-2534104,","+62-22-2534242,",
Program Studi Doktor Teknik Mesin,https://www.itb.ac.id/directories/view/program-studi-doktor-teknik-mesin-rvy,"Jalan Ganesha 10,","Bandung, 40132","+62-22-2504243,","+62-22-2534099,",info@ftmd.itb.ac.id
Program Studi Sarjana Sistem dan Teknologi Informasi,https://www.itb.ac.id/directories/view/program-studi-sarjana-sistem-dan-teknologi-informasi-swu,"Jalan Ganesha 10,","Bandung, 40132","+62-22-2508135,","+62-22-2500940,",info@stei.itb.ac.id
Program Studi Doktor Teknik Perminyakan,https://www.itb.ac.id/directories/view/program-studi-doktor-teknik-perminyakan-svx,"Jalan Ganesha 10,","Bandung, 40132","+62-22-2511155,","+62-22-2504955,",info@tm.itb.ac.id
Program Studi Sarjana Teknik Bioenergi dan Kemurgi,https://www.itb.ac.id/directories/view/program-studi-sarjana-teknik-bioenergi-dan-kemurgi-try,"Jalan Let. Jen. Purn. Dr. (HC). Mashudi No 1, Jatinangor","Sumedang, 45363","+62-22-7798600 ,","+62-22-86010043,",tbk@che.itb.ac.id
Program Studi Doktor Teknik Sipil,https://www.itb.ac.id/directories/view/program-studi-doktor-teknik-sipil-yr,"Jalan Ganesha 10,","Bandung, 40132","+62-22-2506445,","+62-22-2506445,",tu@si.itb.ac.id
Program Studi Sarjana Teknik Biomedis,https://www.itb.ac.id/directories/view/program-studi-sarjana-teknik-biomedis-tut,"Jalan Ganesha 10,","Bandung, 40132","+62-22-2508135,","+62-22-2500940,",info@stei.itb.ac.id
Program Studi Doktor Transportasi,https://www.itb.ac.id/directories/view/program-studi-doktor-transportasi-stz,"Jalan Ganesha 10,","Bandung, 40132","+62-22-2502347,","+62-22-2500996,",kaproditr@sappk.itb.ac.id
Program Studi Sarjana Teknik Elektro,https://www.itb.ac.id/directories/view/program-studi-sarjana-teknik-elektro-swq,"Jalan Ganesha 10,","Bandung, 40132","+62-22-2508135,","+62-22-2500940,",info@stei.itb.ac.id
Program Studi Magister Administrasi Bisnis Bandung,https://www.itb.ac.id/directories/view/program-studi-magister-administrasi-bisnis-bandung-rus,"Jl. Gelap Nyawang No. 1,","Bandung, 40132","+62-22-2504308,","+62-22-2504249,",info@sbm-itb.ac.id
Program Studi Sarjana Teknik Fisika,https://www.itb.ac.id/directories/view/program-studi-sarjana-teknik-fisika-sqy,"Jalan Ganesha 10,","Bandung, 40132","+62-22-2504424,","+62-22-2506281,",kaprodis1@tf.itb.ac.id
Program Studi Magister Administrasi Bisnis Jakarta,https://www.itb.ac.id/directories/view/program-studi-magister-administrasi-bisnis-jakarta-ttz,"Jl. HR Rasuna Said Kav. 1-2,","Jakarta,","+62-21-5296868,","+62-21-5290095,",mba-jkt@sbm-itb.ac.id
Program Studi Sarjana Teknik Geodesi dan Geomatika,https://www.itb.ac.id/directories/view/program-studi-sarjana-teknik-geodesi-dan-geomatika-rsu,"Jalan Ganesha 10,","Bandung, 40132","+62-22-2530701,","+62-22-2530702,",info@gd.itb.ac.id
Program Studi Magister Aeronotika dan Astronotika,https://www.itb.ac.id/directories/view/program-studi-magister-aeronotika-dan-astronotika-rxt,"Jalan Ganesha 10,","Bandung, 40132","+62-22-2504529,","+62-22-2534146,",info@ftmd.itb.ac.id
Program Studi Sarjana Teknik Geofisika,https://www.itb.ac.id/directories/view/program-studi-sarjana-teknik-geofisika-svy,"Jalan Ganesha 10,","Bandung, 40132","+62-22-2509168, +62-22-2534137","+62-22-2509168,",tutg@gf.itb.ac.id
Program Studi Magister Aktuaria,https://www.itb.ac.id/directories/view/program-studi-magister-aktuaria-ryz,"Jalan Ganesha 10,","Bandung, 40132","+62-22-2502545, +62-22-2534175","+62-22-2506450,",prodi-ma@math.itb.ac.id
Program Studi Sarjana Teknik Geologi,https://www.itb.ac.id/directories/view/program-studi-sarjana-teknik-geologi-rrw,"Jalan Ganesha 10,","Bandung, 40132","+62-22-2502197,","+62-22-2511440,",geologi@gc.itb.ac.id
Program Studi Magister Arsitektur,https://www.itb.ac.id/directories/view/program-studi-magister-arsitektur-stq,"Jalan Ganesha 10,","Bandung, 40132","+62-22-2509171,","+62-22-2501263,",s2-arsitektur@sappk.itb.ac.id
Program Studi Sarjana Teknik Industri,https://www.itb.ac.id/directories/view/program-studi-sarjana-teknik-industri-sqz,"Jalan Ganesha 10,","Bandung, 40132","+62-22-2504189,","+62-22-2509164,",ti@ti.itb.ac.id
Program Studi Magister Arsitektur Lanskap,https://www.itb.ac.id/directories/view/program-studi-magister-arsitektur-lanskap-stx,"Jalan Ganesha 10,","Bandung, 40132","+62-22-2504962,","+62-22-2530705,",arsitekturlanskap@sappk.itb.ac.id
Program Studi Sarjana Teknik Kelautan,https://www.itb.ac.id/directories/view/program-studi-sarjana-teknik-kelautan-ww,"Jalan Ganesha 10,","Bandung, 40132","+62-22-2509117, +62-22-2511925","+62-22-2509117, +62-22-2511925",oeitb@ocean.itb.ac.id
Program Studi Magister Astronomi,https://www.itb.ac.id/directories/view/program-studi-magister-astronomi-rwv,"Jalan Ganesha 10,","Bandung, 40132","+62-22-2511576,","+62-22-2509170,",administration@as.itb.ac.id
Program Studi Sarjana Teknik Kimia,https://www.itb.ac.id/directories/view/program-studi-sarjana-teknik-kimia-sqw,"Jalan Ganesha 10,","Bandung, 40132","+62-22-2500989,","+62-22-2501438,",cheitb@che.itb.ac.id
Program Studi Magister Biologi,https://www.itb.ac.id/directories/view/program-studi-magister-biologi-rqu,"Jalan Ganesha 10,","Bandung, 40132","+62-22-2500258, +62-22-2511575","+62-22-2534107,",afaizal@sith.itb.ac.id
Program Studi Sarjana Teknik Lingkungan,https://www.itb.ac.id/directories/view/program-studi-sarjana-teknik-lingkungan-wx,"Jalan Ganesha 10,","Bandung, 40132","+62-22-2509117, +62-22-2511925","+62-22-2509117, +62-22-2511925",tu@tl.itb.ac.id
Program Studi Magister Biomanajemen,https://www.itb.ac.id/directories/view/program-studi-magister-biomanajemen-rqx,"Jalan Ganesha 10,","Bandung, 40132","+62-22-2500258, +62-22-2511575","+62-22-2534107,",endang@sith.itb.ac.id
Program Studi Sarjana Teknik Material,https://www.itb.ac.id/directories/view/program-studi-sarjana-teknik-material-rvz,"Jalan Ganesha 10,","Bandung, 40132","+62-22-2508144,","+62-22-2508144,",info@ftmd.itb.ac.id
Program Studi Magister Bioteknologi,https://www.itb.ac.id/directories/view/program-studi-magister-bioteknologi-rqv,"Jalan Ganesha 10,","Bandung, 40132","+62-22-2500258, +62-22-2511575","+62-22-2534107,",marsel@sith.itb.ac.id
Program Studi Sarjana Teknik Mesin,https://www.itb.ac.id/directories/view/program-studi-sarjana-teknik-mesin-rvx,"Jalan Ganesha 10,","Bandung, 40132","+62-22-2504243,","+62-22-2534099,",info@ftmd.itb.ac.id
Program Studi Magister Desain,https://www.itb.ac.id/directories/view/program-studi-magister-desain-tqx,"Jalan Ganesha 10,","Bandung, 40132","+62-22-2516567,","+62-22-2516567,",
Program Studi Sarjana Teknik Metalurgi,https://www.itb.ac.id/directories/view/program-studi-sarjana-teknik-metalurgi-svr,"Jalan Ganesha 10,","Bandung, 40132","+62-22-2532239, +62-22-2508131","+62-22-2504209,",contact@metallurgy.itb.ac.id
Program Studi Magister Farmasi,https://www.itb.ac.id/directories/view/program-studi-magister-farmasi-szr,"Jalan Ganesha 10,","Bandung, 40132","+62-22-2504258,","+62-22-2504258,",farmasi@fa.itb.ac.id
Program Studi Sarjana Teknik Pangan,https://www.itb.ac.id/directories/view/program-studi-sarjana-teknik-pangan-trz,"Jalan Let. Jen. Purn. Dr. (HC). Mashudi No 1, Jatinangor","Sumedang, 45363","+62-22-7798600 ,","+62-22-86010043,",tpg@che.itb.ac.id
Program Studi Magister Farmasi Industri,https://www.itb.ac.id/directories/view/program-studi-magister-farmasi-industri-tss,"Jalan Ganesha 10,","Bandung, 40132","+62-22-2504258,","+62-22-2504258,",farmasi@fa.itb.ac.id
Program Studi Sarjana Teknik Pengelolaan Sumberdaya Air,https://www.itb.ac.id/directories/view/program-studi-sarjana-teknik-pengelolaan-sumberdaya-air-wy,"Jalan Let. Jen. Purn. Dr. (HC). Mashudi No 1, Jatinangor","Sumedang, 45363","+62--22-8783670, +62-22-87836712",",",tpsda@ftsl.itb.ac.id
Program Studi Magister Fisika,https://www.itb.ac.id/directories/view/program-studi-magister-fisika-rwy,"Jalan Ganesha 10,","Bandung, 40132","+62-22-2500834,","+62-22-2506452,",fisika@fi.itb.ac.id
Program Studi Sarjana Teknik Perminyakan,https://www.itb.ac.id/directories/view/program-studi-sarjana-teknik-perminyakan-svu,"Jalan Ganesha 10,","Bandung, 40132","+62-22-2511155,","+62-22-2504955,",info@tm.itb.ac.id
Program Studi Magister Ilmu dan Rekayasa Nuklir,https://www.itb.ac.id/directories/view/program-studi-magister-ilmu-dan-rekayasa-nuklir-tsw,"Jalan Ganesha 10,","Bandung, 40132","+62-22-2504529,","+62-22-2534146,",info@ftmd.itb.ac.id
Program Studi Sarjana Teknik Pertambangan,https://www.itb.ac.id/directories/view/program-studi-sarjana-teknik-pertambangan-svq,"Jalan Ganesha 10,","Bandung, 40132","+62-22-2502239, +62-22-2508131","+62-22-2504209,",dep-ta@mining.itb.ac.id
Program Studi Magister Ilmu Keolahragaan,https://www.itb.ac.id/directories/view/program-studi-magister-ilmu-keolahragaan-tsr,"Jalan Ganesha 10,","Bandung, 40132","+62-22-2504258,","+62-22-2504258,",farmasi@fa.itb.ac.id
Program Studi Sarjana Teknik Sipil,https://www.itb.ac.id/directories/view/program-studi-sarjana-teknik-sipil-wv,"Jalan Ganesha 10,","Bandung, 40132","+62-22-2504556,","+62-22-2510713,",tu@si.itb.ac.id
Program Studi Magister Informatika,https://www.itb.ac.id/directories/view/program-studi-magister-informatika-swx,"Jalan Ganesha 10,","Bandung, 40132","+62-22-2502260, +62-22-4254028","+62-22-2534222,",info@stei.itb.ac.id
Program Studi Sarjana Teknik Telekomunikasi,https://www.itb.ac.id/directories/view/program-studi-sarjana-teknik-telekomunikasi-swt,"Jalan Ganesha 10,","Bandung, 40132","+62-22-2508135,","+62-22-2500940,",info@stei.itb.ac.id
Program Studi Magister Instrumentasi dan Kontrol,https://www.itb.ac.id/directories/view/program-studi-magister-instrumentasi-dan-kontrol-srv,"Jalan Ganesha 10,","Bandung, 40132","+62-22-2504424,  +62-22-2504424","+62-22-2506281,",kaprodis2ik@tf.itb.ac.id
Program Studi Sarjana Teknik Tenaga Listrik,https://www.itb.ac.id/directories/view/program-studi-sarjana-teknik-tenaga-listrik-sws,"Jalan Ganesha 10,","Bandung, 40132","+62-22-2508135,","+62-22-2500940,",info@stei.itb.ac.id
Program Studi Magister Kimia,https://www.itb.ac.id/directories/view/program-studi-magister-kimia-rys,"Jalan Ganesha 10,","Bandung, 40132","+62-22-2502103,","+62-22-2504154,",postgraduate@chem.itb.ac.id
Program Studi Sarjana Teknologi Pasca Panen,https://www.itb.ac.id/directories/view/program-studi-sarjana-teknologi-pasca-panen-trx,"Jalan Let. Jen. Purn. Dr. (HC). Mashudi No 1 , Jatinangor","Sumedang, 45363","+62-22-7798600 ,","+62-22-2534107, +62-22-7798617",ihak@sith.itb.ac.id
Program Studi Magister Logistik,https://www.itb.ac.id/directories/view/program-studi-magister-logistik-tsx,"Jalan Ganesha 10,","Bandung, 40132","+62-22-2504189,","+62-22-2509164,",ti@ti.itb.ac.id
Pusat Artificial Intelligence,https://www.itb.ac.id/directories/view/pusat-artificial-intelligence-tvr,"Jl. Ganesha No. 10,","Bandung, 40132",",",",",ayu@informatika.org
Program Studi Magister Matematika,https://www.itb.ac.id/directories/view/program-studi-magister-matematika-ryx,"Jalan Ganesha 10,","Bandung, 40132","+62-22-2502545, +62-22-2534175","+62-22-2506450,",prodi-ma@math.itb.ac.id
Pusat Infrastruktur Data Spasial,https://www.itb.ac.id/directories/view/pusat-infrastruktur-data-spasial-uw,"Jalan Ganesha 10,","Bandung, 40132",",",",",riqqi@gd.itb.ac.id
Program Studi Magister Pengajaran Fisika,https://www.itb.ac.id/directories/view/program-studi-magister-pengajaran-fisika-ryq,"Jalan Ganesha 10,","Bandung, 40132","+62-22-2500834,","+62-22-2506452,",fisika@fi.itb.ac.id
Pusat Inovasi Kota dan Komunitas Cerdas,https://www.itb.ac.id/directories/view/pusat-inovasi-kota-dan-komunitas-cerdas-tvq,",",",",",",",",
Program Studi Magister Pengajaran Kimia,https://www.itb.ac.id/directories/view/program-studi-magister-pengajaran-kimia-ryu,"Jalan Ganesha 10,","Bandung, 40132","+62-22-2502103,","+62-22-2504154,",postgraduate@chem.itb.ac.id
Pusat Kajian Halal,https://www.itb.ac.id/directories/view/pusat-kajian-halal-ttw,"Jalan Ganesha 10,","Bandung, 40132",",",",",tati@sith.itb.ac.id
Program Studi Magister Pengajaran Matematika,https://www.itb.ac.id/directories/view/program-studi-magister-pengajaran-matematika-ryy,"Jalan Ganesha 10,","Bandung, 40132","+62-22-2502545, +62-22-2534175","+62-22-2506450,",prodi-ma@math.itb.ac.id
Pusat Kebijakan Keenergian,https://www.itb.ac.id/directories/view/pusat-kebijakan-keenergian-ut,"Jalan Ganesha 10,","Bandung, 40132","+62-22-2511238, +62-22-2504558","+62-22-2504558 ,",ppeitb@bdg.centrin.net.id
Program Studi Magister Pengelolaan Infrastruktur Air dan Sanitasi,https://www.itb.ac.id/directories/view/program-studi-magister-pengelolaan-infrastruktur-air-dan-sanitasi-yw,"Jalan Let. Jen. Purn. Dr. (HC). Mashudi No 1, Jatinangor","Sumedang, 45363","+62-22-87836723, +62-22-87836723",",",pasca-tl@ftsl.itb.ac.id
Pusat Kebijakan Publik dan Kepemerintahan,https://www.itb.ac.id/directories/view/pusat-kebijakan-publik-dan-kepemerintahan-ux,"Jalan Ganesha 10,","Bandung, 40132","+62-22-2504735,","+62-22-2501263,",p2g@pl.itb.ac.id
Program Studi Magister Pengelolaan Sumber Daya Air,https://www.itb.ac.id/directories/view/program-studi-magister-pengelolaan-sumber-daya-air-yx,"Jalan Ganesha 10,","Bandung, 40132","+62 22 2509166, +62-22-2510713","+62 22 2510713,",mpsda@ftsl.itb.ac.id
Pusat Mikroelektronika,https://www.itb.ac.id/directories/view/pusat-mikroelektronika-tz,"Jalan Tamansari 126,","Bandung, 40132","+62-22-2506280,","+62-22-2508763,",adi@sysapp.itb.ac.id; info@pme.itb.ac.id
Program Studi Magister Perencanaan Kepariwisataan,https://www.itb.ac.id/directories/view/program-studi-magister-perencanaan-kepariwisataan-stv,"Jalan Ganesha 10,","Bandung, 40132","+62-22-2502347,","+62-22-2500996,",yantis@sappk.itb.ac.id
Pusat Pemanfaatan Karbon Dioksida dan Gas Suar,https://www.itb.ac.id/directories/view/pusat-pemanfaatan-karbon-dioksida-dan-gas-suar-tvy,",",",",",",",",dsantoso78@yahoo.com
Program Studi Magister Perencanaan Wilayah dan Kota,https://www.itb.ac.id/directories/view/program-studi-magister-perencanaan-wilayah-dan-kota-ssz,"Jalan Ganesha 10,","Bandung, 40132","+62-22-2509171,","+62-22-2501263,",s2-pwk@sappk.itb.ac.id
Pusat Pemberdayaan Perdesaan,https://www.itb.ac.id/directories/view/pusat-pemberdayaan-perdesaan-vu,"Labtek 1 Lantai 1 (Gedung Mekanika Tanah) Jl. Ganesha 10 , Coblong","Bandung, 40135",",",",",endrasusila@gmail.com
Program Studi Magister Rancang Kota,https://www.itb.ac.id/directories/view/program-studi-magister-rancang-kota-stt,"Jalan Ganesha 10,","Bandung, 40132","+62-22-2504962,","+62-22-2530705,",rancangkota@sappk.itb.ac.id
Pusat Pemodelan Matematika dan Simulasi,https://www.itb.ac.id/directories/view/pusat-pemodelan-matematika-dan-simulasi-ty,"Jalan Ganesha 10,","Bandung, 40132","+62-22-2508126,","+62-22-2508126,",p2ms_itb@yahoo.com
Program Studi Magister Rekayasa Pertambangan,https://www.itb.ac.id/directories/view/program-studi-magister-rekayasa-pertambangan-svt,"Jalan Ganesha 10,","Bandung, 40132","+62-22-2502239, +62-22-2508131","+62-22-2504209,",dep-ta@mining.itb.ac.id
Pusat Pendayagunaan Open Source Software,https://www.itb.ac.id/directories/view/pusat-pendayagunaan-open-source-software-uy,"Jl Ganesa No 10,","Bandung, 40132","+62-22-7082-POS,","+62-22-2501859,",layanan@poss.itb.ac.id; mursito@tf.itb.ac.id;
Program Studi Magister Sains Kebumian,https://www.itb.ac.id/directories/view/program-studi-magister-sains-kebumian-rss,"Jalan Ganesha 10,","Bandung, 40132","+62-22-2500494,","+62-22-2534139,",prodime@meteo.itb.ac.id
Pusat Penelitian Biosains dan Bioteknologi,https://www.itb.ac.id/directories/view/pusat-penelitian-biosains-dan-bioteknologi-tt,"Jalan Tamansari 126,","Bandung, 40132","+62-222534115, +62-22-2534116","+62-222534115,",admin@biotech.itb.ac.id
Program Studi Magister Sains Komputasi,https://www.itb.ac.id/directories/view/program-studi-magister-sains-komputasi-rzq,"Jalan Ganesha 10,","Bandung, 40132","+62-22-2515032,","+62-22-2502360,",admin@fmipa.itb.ac.id
Pusat Penelitian Energi Baru dan Terbarukan,https://www.itb.ac.id/directories/view/pusat-penelitian-energi-baru-dan-terbarukan-tr,"Jalan Tamansari 126,","Bandung, 40132",",",",",priyonosutikno@gmail.com
Program Studi Magister Sains Manajemen,https://www.itb.ac.id/directories/view/program-studi-magister-sains-manajemen-rut,"Jalan Ganesha 10,","Bandung, 40132","+62-22-2531923,","+62-22-2504249,",info-sbm.itb.ac.id
Pusat Penelitian Infrastruktur dan Kewilayahan,https://www.itb.ac.id/directories/view/pusat-penelitian-infrastruktur-dan-kewilayahan-tu,"Jalan Tamansari no 126,","Bandung, 40132","+62-22-2509171,","+62-22-2501263,",pp-plwi@itb.ac.id
Program Studi Magister Sains Manajemen,https://www.itb.ac.id/directories/view/program-studi-magister-sains-manajemen-tsy,"Jalan Ganesha 10,","Bandung, 40132","+62-22-2531923,","+62-22-2504249,",info@sbm-itb.ac.id
Pusat Penelitian Mitigasi Bencana,https://www.itb.ac.id/directories/view/pusat-penelitian-mitigasi-bencana-tx,"Jalan Ganesha 10,","Bandung, 40132","+62-22-2504987, +62-22-2504256",",",kppmb@lppm.itb.ac.id
Program Studi Magister Seni Rupa,https://www.itb.ac.id/directories/view/program-studi-magister-seni-rupa-tqv,"Jalan Ganesha 10,","Bandung, 40132","+62-22-2534104,","+62-22-2534242,",
Pusat Penelitian Nanosains dan Nanoteknologi,https://www.itb.ac.id/directories/view/pusat-penelitian-nanosains-dan-nanoteknologi-tuy,"Jalan Ganesha 10,","Bandung, 40132",",",",",nrcn@cphys.fi.itb.ac.id
Program Studi Magister Sistem dan Teknik Jalan Raya,https://www.itb.ac.id/directories/view/program-studi-magister-sistem-dan-teknik-jalan-raya-yv,"Jalan Ganesha 10,","Bandung, 40132","+62-22-2534167,","+62-22-2534167,",stjr@trans.si.itb.ac.id
Pusat Penelitian Produk Budaya dan Lingkungan,https://www.itb.ac.id/directories/view/pusat-penelitian-produk-budaya-dan-lingkungan-tv,"Jalan Tamansari no 126,","Bandung, 40132",",",",",
Program Studi Magister Studi Pembangunan,https://www.itb.ac.id/directories/view/program-studi-magister-studi-pembangunan-str,"Jalan Ganesha 10,","Bandung, 40132","+62-22-2511828, +62-22-2534237","+62-22-2511828 ,",spitb@sp.itb.ac.id
Pusat Penelitian Teknologi Informasi dan Komunikasi,https://www.itb.ac.id/directories/view/pusat-penelitian-teknologi-informasi-dan-komunikasi-ts,"Jalan Tamansari 126,","Bandung, 40132","+62-22-4254034,","+62-22-2508763,",
Program Studi Magister Studi Pertahanan,https://www.itb.ac.id/directories/view/program-studi-magister-studi-pertahanan-stu,"Jalan Ganesha 10,","Bandung, 40132","+62-22-2511828 ,","+62-22-2511828 ,",dekan@sappk.itb.ac.id
Pusat Pengembangan Sumber Daya Air,https://www.itb.ac.id/directories/view/pusat-pengembangan-sumber-daya-air-vs,",",",",",",",",
Program Studi Magister Teknik Air Tanah,https://www.itb.ac.id/directories/view/program-studi-magister-teknik-air-tanah-rsw,"Jalan Ganesha 10,","Bandung, 40132","+62-22-2514990,","+62-22-2514837,",airtanah@fitb.itb.ac.id
Pusat Pengembangan Teknologi Transportasi Berkelanjutan,https://www.itb.ac.id/directories/view/pusat-pengembangan-teknologi-transportasi-berkelanjutan-ttv,"Jalan Ganesha 10,","Bandung, 40132",",",",",sigitps@gmail.com
Program Studi Magister Teknik dan Manajemen Industri,https://www.itb.ac.id/directories/view/program-studi-magister-teknik-dan-manajemen-industri-srx,"Jalan Ganesha 10,","Bandung, 40132","+62-22-2504189,","+62-22-2509164,",tmi@ti.itb.ac.id
Pusat Pengembangan Wilayah Pesisir dan Laut,https://www.itb.ac.id/directories/view/pusat-pengembangan-wilayah-pesisir-dan-laut-us,"Jalan Ganesha 10,","Bandung, 40132","+62-22-2512430,",",",ppk@ppk.itb.ac.id; mfarid@ftsl.itb.ac.id
Program Studi Magister Teknik Elektro,https://www.itb.ac.id/directories/view/program-studi-magister-teknik-elektro-swv,"Jalan Ganesha 10,","Bandung, 40132","+62-22-2502260, +62-22-4254028","+62-22-2534222,",info@stei.itb.ac.id
Pusat Penginderaan Jauh,https://www.itb.ac.id/directories/view/pusat-penginderaan-jauh-uu,"Jalan Ganesha 10,","Bandung, 40132","+62-22-2530701,","+62-22-2530701,",office@crs.itb.ac.id
Program Studi Magister Teknik Fisika,https://www.itb.ac.id/directories/view/program-studi-magister-teknik-fisika-srt,"Jalan Ganesha 10,","Bandung, 40132","+62-22-2504424,","+62-22-2506281,",kaprodis2s3tf@tf.itb.ac.id
Pusat Pengkajian Logistik dan Sistem Rantai Pasok,https://www.itb.ac.id/directories/view/pusat-pengkajian-logistik-dan-sistem-rantai-pasok-vr,"Jalan Tamansari 126,","Bandung, 40132","+62-22-2510680,","+62-22-2510680,",senator@mail.ti.itb.ac.id; logistics_studies_itb@yahoo.com
Program Studi Magister Teknik Geodesi dan Geomatika,https://www.itb.ac.id/directories/view/program-studi-magister-teknik-geodesi-dan-geomatika-rsv,"Jalan Ganesha 10,","Bandung, 40132","+62-22-2530701,","+62-22-2530702,",graduate@gd.itb.ac.id
Pusat Perencanaan dan Pengembangan Kepariwisataan,https://www.itb.ac.id/directories/view/pusat-perencanaan-dan-pengembangan-kepariwisataan-uq,"Jalan Tamansari 126,","Bandung, 40132","+62-22-2506285,","+62-22-2534272,",p2par@p2par.itb.ac.id
Program Studi Magister Teknik Geofisika,https://www.itb.ac.id/directories/view/program-studi-magister-teknik-geofisika-sxq,"Jalan Ganesha 10,","Bandung, 40132","+62-22-2509168, +62-22-2534137","+62-22-2509168,",tutg@gf.itb.ac.id
Pusat Pertahanan dan Keamanan,https://www.itb.ac.id/directories/view/pusat-pertahanan-dan-keamanan-ttx,"Jalan Ganesha 10,","Bandung, 40132",",",",",dwdg89@gmail.com
Program Studi Magister Teknik Geologi,https://www.itb.ac.id/directories/view/program-studi-magister-teknik-geologi-rry,"Jalan Ganesha 10,","Bandung, 40132","+62-22-2502197,","+62-22-2534139,",prodis2@gc.itb.ac.id
Pusat Perubahan Iklim,https://www.itb.ac.id/directories/view/pusat-perubahan-iklim-vt,"Jl. Ganesa No. 10,","Bandung, 40132","022-2517943,",",",suroso.djoko@gmail.com; dsuroso@pl.itb.ac.id
Program Studi Magister Teknik Kelautan,https://www.itb.ac.id/directories/view/program-studi-magister-teknik-kelautan-yu,"Jalan Ganesha 10,","Bandung, 40132","+62-22-2509117, +62-22-2511925","+62-22-2509117, +62-22-2511925",oeitb@ocean.itb.ac.id
Pusat Rekayasa Industri,https://www.itb.ac.id/directories/view/pusat-rekayasa-industri-tw,"Jl. Ganesa No. 10,","Bandung, 40132","022-2512971/72,","+62-22-2512972,",pri@pri.itb.ac.id; mcahyono@ftsl.itb.ac.id; pri@pri.itb.ac.id
Program Studi Magister Teknik Kimia,https://www.itb.ac.id/directories/view/program-studi-magister-teknik-kimia-srr,"Jalan Ganesha 10,","Bandung, 40132","+62-22-2500989,","+62-22-2501438,",cheitb@che.itb.ac.id
Pusat Rekayasa Katalis,https://www.itb.ac.id/directories/view/pusat-rekayasa-katalis-tvs,",",",",",",",",
Program Studi Magister Teknik Lingkungan,https://www.itb.ac.id/directories/view/program-studi-magister-teknik-lingkungan-ys,"Jalan Ganesha 10,","Bandung, 40132","+62-22-2502647,","+62-22-2530704,",tu@tl.itb.ac.id
Pusat Rekayasa Katalisis,https://www.itb.ac.id/directories/view/pusat-rekayasa-katalisis-tvz,"Jl. Ganesha 10,","Bandung, 40132",",",",",subagjo@che.itb.ac.id
Program Studi Magister Teknik Material,https://www.itb.ac.id/directories/view/program-studi-magister-teknik-material-rxq,"Jalan Ganesha 10,","Bandung, 40132","+62-22-2508144,","+62-22-2508144,",info@ftmd.itb.ac.id
Pusat Studi Agraria,https://www.itb.ac.id/directories/view/pusat-studi-agraria-tuv,",",",",",",",",andri@gd.itb.ac.id
Program Studi Magister Teknik Mesin,https://www.itb.ac.id/directories/view/program-studi-magister-teknik-mesin-rvw,"Jalan Ganesha 10,","Bandung, 40132","+62-22-2504243,","+62-22-2534099,",info@ftmd.itb.ac.id
Pusat Studi Lingkungan Hidup,https://www.itb.ac.id/directories/view/pusat-studi-lingkungan-hidup-ur,"Jalan Sangkuriang No 42A,","Bandung, 40135","+62-22-2500606, +62-22-2504602","+62-22-2504602,",pslh_itb@yahoo.com; tjandra@che.itb.ac.id;
Program Studi Magister Teknik Metalurgi,https://www.itb.ac.id/directories/view/program-studi-magister-teknik-metalurgi-tsv,"Jalan Ganesha 10,","Bandung, 40132","+62-22-2532239, +62-22-2508131","+62-22-2504209,",contact@metallurgy.itb.ac.id
Pusat Studi Sistem Tak Berawak,https://www.itb.ac.id/directories/view/pusat-studi-sistem-tak-berawak-vq,"Jalan Tamansari 126,","Bandung, 40132","+62-22-70985886,","+62-22-70985886,",muljo@bdg.centrin.net.id
Program Studi Magister Teknik Panas Bumi,https://www.itb.ac.id/directories/view/program-studi-magister-teknik-panas-bumi-svw,"Jalan Tamansari no 64,","Bandung, 40132","+62-22-25121360,","+62-22-2512575,",sekretariat@geothermal.itb.ac.id
Pusat Teknologi Instrumentasi dan Otomasi,https://www.itb.ac.id/directories/view/pusat-teknologi-instrumentasi-dan-otomasi-uv,"Jalan Tamansari 126,","Bandung, 40132","+62-22-2514452,","+62-22-2534285,",services@instrument.itb.ac.id; esti@instrument.itb.ac.id;
Program Studi Magister Teknik Perminyakan,https://www.itb.ac.id/directories/view/program-studi-magister-teknik-perminyakan-svv,"Jalan Ganesha 10,","Bandung, 40132","+62-22-2511155,","+62-22-2504955,",info@tm.itb.ac.id
Pusat Teknologi Kesehatan dan Keolahragaan,https://www.itb.ac.id/directories/view/pusat-teknologi-kesehatan-dan-keolahragaan-uz,"Jalan Gelap Nyawang No 2,","Bandung, 40132","+62-22-2534117,","+62-22-2534117,",hasballah@stei.itb.ac.id
Program Studi Magister Teknik Sipil,https://www.itb.ac.id/directories/view/program-studi-magister-teknik-sipil-yq,"Jalan Ganesha 10,","Bandung, 40132","+62-22-2506445,","+62-22-2506445,",tu@si.itb.ac.id
Pusat Teknologi Pertahanan dan Keamanan,https://www.itb.ac.id/directories/view/pusat-teknologi-pertahanan-dan-keamanan-txq,"Jl. Ganesha No. 10 ,","Bandung,","+62-22-2512430,",",",dwidagdo@ae.itb.ac.id
Program Studi Magister Transportasi,https://www.itb.ac.id/directories/view/program-studi-magister-transportasi-sts,"Jalan Ganesha 10,","Bandung, 40132","+62-22-2502347,","+62-22-2500996,",kaproditr@sappk.itb.ac.id
Pusat Unggulan Iptek Broadband Wireless Access,https://www.itb.ac.id/directories/view/pusat-unggulan-iptek-broadband-wireless-access-ttq,",",",",",",",",
Program Studi Pendidikan Profesi/Spesialis Apoteker,https://www.itb.ac.id/directories/view/program-studi-pendidikan-profesispesialis-apoteker-szt,"Jalan Ganesha 10,","Bandung, 40132","+62-22-2504258,","+62-22-2504258,",farmasi@fa.itb.ac.id
"Pusat Unggulan Iptek Carbon Capture Storage dan Carbon Capture, Utility and Storage",https://www.itb.ac.id/directories/view/pusat-unggulan-iptek-carbon-capture-storage-dan-carbon-capture-utility-and-storage-tuz,",",",",",",",",
Program Studi Sarjana Aeronotika dan Astronotika,https://www.itb.ac.id/directories/view/program-studi-sarjana-aeronotika-dan-astronotika-rxs,"Jalan Ganesha 10,","Bandung, 40132","+62-22-2504529,","+62-22-2534146,",info@ftmd.itb.ac.id
Pusat Unggulan Iptek Nanosains dan Nanoteknologi,https://www.itb.ac.id/directories/view/pusat-unggulan-iptek-nanosains-dan-nanoteknologi-ttt,",",",",",",",",
Program Studi Sarjana Arsitektur,https://www.itb.ac.id/directories/view/program-studi-sarjana-arsitektur-ssy,"Jalan Ganesha 10,","Bandung, 40132","+62-22-2504962,","+62-22-2530705,",kadep@ar.itb.ac.id
Pusat Unggulan Iptek Teknologi Pertahanan dan Keamanan,https://www.itb.ac.id/directories/view/pusat-unggulan-iptek-teknologi-pertahanan-dan-keamanan-ttr,",",",",",",",",
Program Studi Sarjana Astronomi,https://www.itb.ac.id/directories/view/program-studi-sarjana-astronomi-rwu,"Jalan Ganesha 10,","Bandung, 40132","+62-22-2511576,","+62-22-2509170,",administration@as.itb.ac.id
Pusat Unggulan Iptek Teknologi Transportasi Berkelanjutan,https://www.itb.ac.id/directories/view/pusat-unggulan-iptek-teknologi-transportasi-berkelanjutan-tts,",",",",",",",",
Program Studi Sarjana Biologi,https://www.itb.ac.id/directories/view/program-studi-sarjana-biologi-zz,"Jalan Ganesha 10,","Bandung, 40132","+62-22-2500258, +62-22-2511575","+62-22-2534107,",indra@sith.itb.ac.id
Satuan Pengawas Internal,https://www.itb.ac.id/directories/view/satuan-pengawas-internal-v,"Jalan Cikapayang no 15,","Bandung, 40116","+62-22-2511438,","+62-22-2511438,",spi@pusat.itb.ac.id
Sekolah Bisnis dan Manajemen,https://www.itb.ac.id/directories/view/sekolah-bisnis-dan-manajemen-rtw,"Jalan Ganesha 10,","Bandung, 40132","+62-22-2531923 ,","+62-22-2504249,",deans.office@sbm-itb.ac.id
Satuan Penjaminan Mutu,https://www.itb.ac.id/directories/view/satuan-penjaminan-mutu-x,"Jalan Cikapayang 15,","Bandung, 40116","+62-22-4238545,","+62-22-2511438,",spm@itb.ac.id
Sekolah Farmasi,https://www.itb.ac.id/directories/view/sekolah-farmasi-syy,"Jalan Ganesha 10,","Bandung, 40132","+62-22-2514316,","+62-22-2504852,",farmasi@fa.itb.ac.id
SBM Kampus Bandung,https://www.itb.ac.id/directories/view/sbm-kampus-bandung-rty,"Jalan Ganesha 10,","Bandung, 40132","+62-22-2531923,","+62-22-2504249,",info@sbm-itb.ac.id
Sekolah Ilmu dan Teknologi Hayati,https://www.itb.ac.id/directories/view/sekolah-ilmu-dan-teknologi-hayati-zy,"Jalan Ganesha 10,","Bandung, 40132","+62-22-2511575, +62-22-2511575","+62-22-2534107,",sith@itb.ac.id
SBM Kampus Jakarta,https://www.itb.ac.id/directories/view/sbm-kampus-jakarta-ruq,"Jl. HR Rasuna Said Kav. 1-2,","Jakarta, 12950","+62-21-5296868,","+62-21-5290095,",mba-jkt@sbm-itb.ac.id
Sekolah Pasca Sarjana,https://www.itb.ac.id/directories/view/sekolah-pasca-sarjana-rr,"Jalan Tamansari no 64,","Bandung, 40116","+62-22-2511495,","+62-22-2503659,",adum@sps.itb.ac.id
SBM Kampus Jatinangor,https://www.itb.ac.id/directories/view/sbm-kampus-jatinangor-rtz,"Jl. WinayaMukti no. 1, Jatinangor","Sumedang,","+62-22-7798600, +62-22-7798634",",",info-sbm.itb.ac.id
Sekolah Teknik Elektro dan Informatika,https://www.itb.ac.id/directories/view/sekolah-teknik-elektro-dan-informatika-sxz,"Jalan Ganesha 10,","Bandung, 40132","+62-22-2502260,","+62-22-2534222,",sekretariat@stei.itb.ac.id
"Sekolah Arsitektur Perencanaan, dan Pengembangan Kebijakan",https://www.itb.ac.id/directories/view/sekolah-arsitektur-perencanaan-dan-pengembangan-kebijakan-ssx,"Jalan Ganesha 10,","Bandung, 40132","+62-22-2504625,","+62-22-2500046,",dekan@sappk.itb.ac.id
Senat Akademik,https://www.itb.ac.id/directories/view/senat-akademik-t,"Jalan Dipati Ukur no 4,","Bandung, 40132","+62-22-2501539,","+62-22-2501539,",senat@senat.itb.ac.id
UPT Asrama,https://www.itb.ac.id/directories/view/upt-asrama-sq,"Jalan Ganesha 10,","Bandung, 40132","0896-6055-2121,",",",info@asrama.itb.ac.id
UPT Pengadaan,https://www.itb.ac.id/directories/view/upt-pengadaan-xt,"Jalan Ganesha 10,","Bandung, 40132","+62-22-2503084, +62-22-2509176","+62-22-2509160 ,",sekretariat@logistik.itb.ac.id sekretariat_pengadaan@itb.ac.id
UPT E-Learning,https://www.itb.ac.id/directories/view/upt-e-learning-sy,"Jalan Ganesha 10,","Bandung, 40132","+62-22-86010140,",",",info@elearning.itb.ac.id
UPT Pengembangan Manusia dan Organisasi,https://www.itb.ac.id/directories/view/upt-pengembangan-manusia-dan-organisasi-xz,"Jalan Tamansari 73,","Bandung, 40132","+62-22-2532081 ,","+62-22-2532081 ,",office@pmo.itb.ac.id
"UPT Keamanan, Kesehatan, Keselamatan Kerja dan Lingkungan",https://www.itb.ac.id/directories/view/upt-keamanan-kesehatan-keselamatan-kerja-dan-lingkungan-xy,"Jalan Ganesha 10,","Bandung, 40132","+62-22-2510456, +62-22-2500204","+62-22-2510456,",admin@uptk3l.itb.ac.id
UPT Perpustakaan,https://www.itb.ac.id/directories/view/upt-perpustakaan-rz,"Jalan Ganesha 10,","Bandung, 40132","+62-22-2500089,","+62-22-2500089,",info@lib.itb.ac.id
UPT Layanan Kesehatan,https://www.itb.ac.id/directories/view/upt-layanan-kesehatan-xw,"Jalan Gelap Nyawang No 2,","Bandung, 40132","+62-22-2500082,","+62-22-2500082,",yankes.bmg@pusat.itb.ac.id
UPT Pusat Bahasa,https://www.itb.ac.id/directories/view/upt-pusat-bahasa-rw,"Jalan Ganesha 10,","Bandung, 40132","+62-22-2505674 ,","+62-22-2505674 ,",pusatbahasa.itb@gmail.com
UPT Olahraga,https://www.itb.ac.id/directories/view/upt-olahraga-ry,"Jalan Tamansari no 73,","Bandung,","+62-22-2511540,","+62-22-2511540,",
UUP Penerbit,https://www.itb.ac.id/directories/view/uup-penerbit-s,"Jalan Ganesha 10,","Bandung,","+62-22-2504257,","+62-22-2534155,",itbpress@penerbit.itb.ac.id
